1 Credit Clear,621fb5bf-5498-4d8f-b4ac-db4d40d401bf
Pickleball,e629f79f-a7ce-4934-a392-2495cbab7010
Design,7b49f69a-5d95-4c94-b7e3-66e2c0c6f6c6
Champion: Lux,1c628b75-b1c3-4a2f-9d1d-056c1f555f0e
Tennis,2a00b8be-6e72-4832-b359-edd1f88ff80e
Catalan,b1650f8e-cf56-4e62-99e3-0142cfc7e081
Greece,96b25119-b70a-4160-8678-58a4f8843cb6
Safe Space,3575df89-da01-4fc1-939c-b5465093ed04
Map: The Crystal Scar,cba692e4-3431-4af4-b6ac-eb50600a8023
FGC,3280c8d8-64c0-45f7-aeaa-189928b0e82c
Seychelles,c45e4ded-6c2c-45a9-bfbf-504aaa7cd556
Morocco,be1567f8-83d3-408d-9d68-4063cb5cf5e4
Map: Nuke,8a06e67b-f8e0-489e-bb40-1cda413ec0c2
Cayman Islands,1399206f-7ddb-4044-b347-ab2490fb7895
Micronesia,7099bb66-a962-4bee-b2f7-c6a89fb2e265
American Sign Language,5ad4b978-495f-4093-9461-c194f58201ab
Burundi,9db446b2-1d55-4e51-b8a3-baf53337308f
R&B,bfa85d5d-28f2-4faa-81ac-9fa8995fe188
Champion: Alistar,39490173-ed5f-4271-96a8-26ab546ee1e9
Level: 30-39,233f4789-1ad0-403c-aaf9-7d37a22264e7
Map: Howling Abyss,2976ff90-ca30-4640-a14f-9283780af8bc
Solos,8282259b-a997-4c63-b908-24027f64ac9a
Biromantic,abf7f706-02e4-438a-8a49-41b736a82275
Zone: Monarch's Bluff,06f86f9e-224f-4d20-a91d-6b867b316d55
Knitting,6ec0d7d3-594f-49a1-a86f-34e9b920621d
China,393deddd-16d8-44c3-be74-6e153b55ea34
Contemporary Dance,48f31aeb-6f50-4c78-a13d-b9bb47a8b745
Mode: Battle Royale,fd8f5e68-42d3-4544-a273-5fc92dabc568
Rugby,1f6ffff7-a05c-429f-a377-345639296c41
Kenya,9001e158-b944-4a90-a3d4-191776fc9e67
Turkey,41999c17-eb6c-4231-93b3-2d9df3513cb0
Champion: Sett,eb60a464-9fe7-48db-81ec-fde0ab29b374
Champion: Garen,a09075e5-e88f-4be8-9406-b8be75dbf6fd
Expedition: Dynasty Shipyard,93c98f46-2ea6-452d-a4f5-a1de664789b0
Champion: Ryze,94641178-15ae-4495-b60b-16ed2fd5ced0
Co-Working,0739209c-9ef5-4ae0-997c-ccbeb864ca61
Myanmar,cb51f8d7-c32a-4bad-8824-766baa82df65
Chinese (Cantonese),0c8c6543-4019-47d0-9b8a-57a81ee6ace5
Argentina,3f88591b-21bd-43eb-94f2-c4fa9de34470
Tunisia,08544d35-d968-4f99-a8a3-e6f452abd6f2
Malta,9f07793b-c21c-4371-b298-60000235e8c9
Paraplegic,c9dbb4e5-e732-454d-a7d7-b098b9158f25
Wales,6a184f98-a8bd-4c78-a169-c1309f983c7a
Standup Comedy,396aee63-bb8a-43c4-95da-98fca08e144b
First Playthrough,d0976a7e-26a7-4a48-9225-c522808540f2
Hungary,89e56716-e596-4ae0-9410-962ca7aa8dc5
Champion: Viktor,4a158add-6ab5-45a0-b27b-20e33aa8bb85
European,65174c7e-8b88-4ed9-9c63-d45beef62457
Korea,0cf86924-7940-4e8c-8984-5fbaaca4cd2d
Comoros,59c05a9e-1f3d-494b-bddc-a9942ac1a4ca
Handball,76189ed0-4b77-4290-8b17-4973809f0401
PC,54b544af-2d0e-4d17-a653-78e3f6fc1fc8
Saint Vincent,f882f108-05e4-45f9-8ba7-6a08c4011399
Romania,4d2bae82-b91d-4244-be4c-c4b4885f70a6
Muslim,b8530a6f-b080-4110-8f71-fcccf2994b5a
Aruba,23d34d4a-5db2-45a7-96cf-370df33c18fc
Zambia,987dae1b-f612-4624-a47e-3a68c938927f
Lithuania,92701ca1-766f-4e99-b448-957f9238ab7f
Veteran,3d5c81dd-c48c-4e21-90d3-6bdcf365709c
Herzegovina,81dc95dc-2e88-4a77-ac77-3bf3b8c3bc76
Traditional Dance,f05f75ed-2e5e-4cb3-91c9-a50ed2e5896a
BlizzCon,0c86fabf-317f-41e5-9eda-bd9880d70375
Automotive,1400ca9c-84ea-414e-a85b-076a70d38ecf
Fiber Arts,79dc53e2-32d1-4e6b-8276-22102c150c1b
Champion: Blitzcrank,7b4bdf9c-3d47-4380-8cd6-46f93a9ea470
Arena,cc5eabb5-3f2c-41b5-b9b5-399a9b4d40ea
Greek,902f6815-a655-4918-99e7-48c74a71feac
Champion: Diana,d34f15ef-03f5-4a5c-8c16-f78d5c923422
Antigua,12a3b917-bcd4-4902-9919-9e24de6c6855
Austria,1069ad0c-bcba-4a00-877d-61dd017cc17f
Drones,aa971bdc-a28d-4a33-a686-f112c764e73b
Thai,f19c7524-c18d-41af-9f39-034c8d0b0fee
Champion: Taliyah,aa616af3-aeba-4dde-8320-ac5b5b70c7c5
No Backseating,69318d09-f132-4853-b4b6-09a0580f7092
Voice Acting,06ab147d-91b6-4c7f-83e4-2b337d2780d5
Easy Mode,1eea2343-ca8e-4606-ab21-5c64e129f6db
Tajikistan,3c7a16e0-675e-4c7e-96cf-371f46044361
Comics,1d712738-c298-4ff9-9c15-671ae9a77b7c
Map: Guardian,f168dcce-e963-48b2-8f0e-49a387410f6c
Marathon,1706e401-a023-49fc-9b10-7bf73f59c940
Puerto Rican,7ef43332-90a0-4931-81f4-a74693a6c7d9
Burkina Faso,2fb6f5f8-24d8-4c47-a0ea-8b5896b722d1
Champion: Draven,86f660a1-4377-442c-94f1-91a5d51fa027
Map: Cobblestone,55ca4dfa-614e-4d1f-9ef3-550a1687fb49
Champion: Wukong,d050bbd5-b69b-4c5d-a131-8bf9850573b3
Mode: True Vault Hunter,a0bbbfd5-a59e-4005-8bcb-22e9c932a15b
Feminine,9d1fcbc7-0da5-4fe9-9249-d64bafddb403
Coloring,319e29b7-9b61-4f0b-ad11-43e4c01ca697
Gaming News,f4b7fa12-9f16-439f-a6b9-87efe9ecf3ba
Boricua,8a5c88bc-084c-4d10-be35-64e4bcf445a0
Kyrgyzstan,11713db9-1cfb-4804-866c-bab522d49a22
Down Syndrome,2b239b05-3cec-4289-9ae6-0ec5b47bf969
Northern Ireland,26901564-e855-4ba6-bc66-9640c7a1ab28
C++,2b194c54-bc5f-4c4c-85f7-32f03ab0fd7c
Good Characters,ee1daaae-116a-44d6-9f40-09322caf3181
Nonverbal,c61c3e4f-0603-4ad6-9ada-5e75a3192bb3
Champion: Tryndamere,02cc8a4a-94df-40dc-a713-fd843610fc86
Magic Tricks,1b70fcca-0579-446a-90d1-075c9ce62309
Pixel Art,3c0a4e1f-6863-4dad-bb4e-538326306bef
Two-Spirit,7f266d0b-c953-4d2f-a849-d48cae221114
Modded,9458de4e-6d35-422a-84a9-f243a49c212e
Bahrain,a57c910e-2e38-49c6-b4b4-7382f28809be
Peru,80af90df-e90c-48b5-94c7-bd33c0f8498f
Visible Disability,9e0618f6-52ce-41fc-a808-aca38f32cc3e
Map: Butcher's Bridge,44fb8308-417d-48f9-a525-f39dad6dc682
Russian,0569b171-2a2b-476e-a596-5bdfb45a1327
Marshall Islands,225ad381-252c-43bd-93a8-979dae168ff9
Barbados,0832ff2b-6bd9-4792-b718-acaf39e2e0d7
End Game,aeab850d-94ec-4af5-89a0-9eb1bf41558d
Svalbard,24526697-8533-4b26-96d0-fad8461ee2aa
Music Production,ddb625af-5920-49cc-9f13-3716f87941dc
Champion: Kha'Zix,5ee5b552-4805-4afe-911c-4a3fc3faf33a
Visually Impaired,b0be05c1-38a8-4eb9-8f6e-61524afce37d
Cuban,af40eaba-004c-4f85-b33f-e4af89e98d5a
History,7e2022f8-924e-4a2f-bd67-92e5c051dc95
RÃ©union,b80a2c0d-3bca-4845-8cde-7c161bb12570
Tuvalu,6eb487b1-3f7e-490e-82e0-801303a7fc6f
Instrumental,9d0e6082-403a-4693-b3a9-cc7de4c84866
Shopping,f8629a4c-ecce-4eca-b8fe-31838605102c
Pitcairn Islands,574169c3-20cf-4d2f-8021-f80064e7d869
Reggae,6497804e-494c-427d-8e96-30da54e7b4ec
Outdoors,89e105c9-2c45-42a9-a5f0-fc1ea6e7ba8b
Black,4e6a9848-6f70-4172-b233-3df36e2e3120
Champion: Yuumi,f4e95487-6800-438d-bbb6-90883675f7a3
Turkmenistan,47495d03-82ea-40d3-9063-b6129c70d9ec
Game Development,f588bd74-e496-4d11-9169-3597f38a5d25
Champion: Malzahar,86f42ad4-f736-4046-9238-54494c04495b
Baseball,57765528-fcd4-4942-95e5-c18ce13427f1
Hiking,2a824c85-8c64-4a62-9532-84a50633c6fc
Deck Construction,3bbf3e11-717e-46af-aec3-37e4f9216db4
Hapa,b4ab565d-0d61-48f3-83ca-cd2ff08bab39
Turkish,f08d5873-f0c7-4912-94ba-a41933b4c141
Mode: 50v50 War,0a6a2ccd-1513-4e04-83aa-691a3e957dbe
Learning Disability,bbbce9d7-357d-4aec-bb08-a25718d36341
France,be60ae5e-d52d-4dc4-b2a1-51c351a35f3d
Emote Design,9ba743f4-85e4-40e2-a83c-c5b24aab797b
Abkhazia,4908bd55-2809-4e4b-bcc3-c7dd2f9a0ade
Germany,377a27f0-e3a6-4a02-99a2-8eca81163ca7
Duos,2e037750-5051-44ea-a51f-7a376bbacb29
Ireland,2038d1dc-997e-4af1-95be-160a5c0bbdb0
Sikh,e7fa46ca-2362-4ac1-b7bb-5defa2e77c2a
Malawi,a81dc45a-8506-47a5-b394-d1f5708919d5
Russia,a3cf86b7-90a4-409d-be29-e672c6c6e8fd
Ivory Coast,acc397a0-b2dd-4ee5-81e7-fcf7659adb4a
Web Development,c23ce252-cf78-4b98-8c11-8769801aaf3a
Blind,b7453475-5504-44aa-9b1c-6b4c885aeaf1
Business,c38aeb6e-e8c7-452a-88e1-a3ed62c2e846
Chicanx,b1296a03-28c1-44f5-97bc-65c2f776b3b0
Sober,f8100026-2be8-46cd-9ed6-b92904e47898
Indonesia,354e439a-d552-417e-8922-9b5dee7550f8
Art Commissions,df448da8-7082-45b2-92ad-c624dba6551f
Champion: Heimerdinger,665fabf5-279e-4a00-b43f-53abde2f10cd
Glasswork,10e94b3e-333b-413a-989e-35635210c127
Cyprus,c5b78a5a-efbf-455c-a155-740bc4ee7b0b
Champion: Miss Fortune,1ab59525-830b-47df-8ff5-e0543a964021
Saba,994f3fb9-26d0-413e-af0a-c06195db48b6
Body Painting,d11b9289-806a-403b-945a-afb47ad2eea5
Cycling,d5713b1e-c796-4bdc-88e2-93c49ce31136
Plural,11147548-2799-4e07-a8a2-d14560cddc69
Leatherwork,1e95d7b4-8dac-4b5f-81d5-f963fdc5d989
Soul Music,60c39042-60b6-49b9-8132-cf720b79c5bf
Iraq,76e2d879-eb99-455d-b956-559871472764
Expedition: Garden of Genesis,ce214f2d-f1ae-4bb0-85a3-5604a6fa9a36
Eritrea,a6b8fd7e-07eb-4c86-85dd-3e7637f76a8c
Controller,e866e85a-1e67-4db0-b588-7fa66bb3879e
Queer,844102e5-5a43-42d6-ac49-de67946cafc5
PvP,8486f56b-8677-44f7-8004-000295391524
Champion: Talon,206c66a3-3286-4b1f-81a5-9a3e613ac365
Dyslexia,707bc174-a7e6-4cba-bb4b-40c6adcca6e7
Central Asian,64843745-a191-4724-a257-d59214d189da
Champion: Shen,ce41d911-0ec3-4860-a474-dd246318493b
Futsal,7f767c6f-c367-4ca9-9cc9-b6d07cc6d24b
Coaching,62bc5436-6f91-446d-9651-da008da4e4bb
Nigeria,4f09722e-8220-45aa-9394-42c5461586ef
Alternative Music,57e81aba-c8ae-48aa-8fba-7a7eb9d3dd23
Netherlands,6b97872d-3156-45ce-bd1a-807b33147cbd
Crocheting,c50b4290-44da-4f41-94bd-1a64325aab08
Zone: Everfall,cf448b19-2bd0-4e11-8907-193cc20f637a
Bahamas,c8aa135e-8c2e-4a70-9e3f-e1c82b79ea84
Speech/Language Impairment,b8cc19b0-e436-4510-a5da-93df64c8a92a
Champion: Sejuani,4bd885d4-482e-46a9-828b-5a1c6b61a5c0
Mode: Mayhem 2,f62f4792-558e-4002-97f8-0a9ebc5a2a09
Zimbabwe,3a6f781a-a342-432a-bedc-e3428919933e
Korean,ab2975e3-b9ca-4b1a-a93e-fb61a5d5c3a4
Acoustic,eea4d45b-52e0-4a16-b0df-64f4c55bc716
Cameroon,9468a13a-b16a-46c7-b49f-75c89f362981
Uzbekistan,e9b0fdf4-4aed-4c9a-8dc4-a65b59d29d59
Map: Twisted Treeline,155da6c1-10bb-4861-9e87-9a6ec8111d07
Angola,98571afc-225c-4c28-8840-86303ccf53f9
Mali,0fda9434-8d87-4a39-a76e-17d73a1ab649
100%,e659959d-392f-44c5-83a5-fb959cdbaccc
Palestine,108f5e74-9531-465a-9a82-6e58d61251da
Armenia,856fa69e-b4ed-4e3e-938a-d67518b46900
Champion: Aphelios,7520738a-17c4-478c-9aa2-efd439019627
Jazz,2892b8a9-5234-4de1-a575-9d7b00401f64
Bajan,db3ddf9e-e711-4a87-85c0-3a78b4ca668a
Hockey,c1ab2f2b-2065-47c9-9655-bb2cc280b7f1
Iceland,72ea5ac0-bf06-4501-847c-39d55d992459
Lacrosse,d1fc20b0-3075-4433-bd23-c548620e5b4a
Map: The Proving Grounds,6398cfd6-b130-4068-ae87-885b6fdbf0c7
Activity: Takedown,063b8a73-04fc-46c4-86a2-91289d04c195
Quilting,b0fe1976-afcd-4ea0-b55c-2d140cd2cd57
British,74204ae8-61d6-410c-b9a4-1207654b17ad
Invisible Disability,8c61b40a-6d96-46f7-a16e-16b5b9166150
Charity,bb5e7234-380e-48ad-a59c-03e51274e478
Kazakhstan,8c0ddcdd-49c0-4725-96d1-02caf6d1401c
Guam,dacdf155-c6e6-4c42-9fc5-491fcba66168
Madagascar,9cd9ff9f-c567-4d66-b71e-2a4b9f818740
Qatar,fd15f0a5-b943-4aa5-97a2-0abc9856eba7
Meme Runs,ab45fcb7-a22d-4a07-b0ac-fb3940566fa7
Laos,068e12a6-87fa-4239-9783-741a05c9c907
Congo,6799517d-f737-44a9-bcca-51abc3a6bce5
Champion: Sylas,f9738f8f-11fc-4648-b56e-939543bac323
Czech Republic,4dac7941-a537-463c-9d1d-2cf6db72dd3c
Family Friendly,e90b5f6e-4c6e-4003-885b-4d0d5adeb580
South Sudan,985bedf4-a9da-4d9a-b403-06694fb649c1
Playing with Viewers,ac763b17-7bea-4632-9eb4-d106689ff409
Champion: Ziggs,9fdb3b20-a8b2-4dcb-808b-9e00c8619e98
Guinea,4e19c698-5bf0-43b3-9c47-8911cc813989
Fishing,db2a18b3-3800-4949-9454-4ef1851b9895
Early Access Play,87461f91-8a5c-4233-92fd-38f321b8970d
Any%,c9193f35-a88f-4f03-af99-b73fe0db60f3
DJ,d81d54c8-d705-4df6-aaf0-01d715c1dbcc
Java,db2217e3-bed5-419a-9143-550aa15451c8
Map: Canals,41aa9e95-04f0-4f5c-98aa-69130f6c6e68
Rock,f27da80e-b26a-447b-bcfa-b20ac049d333
Champion: Gragas,150a49ad-fd7d-4734-bfe7-2bc73e4ee16d
Chinese,74c92063-a389-4fd2-8460-b1bb82b04ec7
Map: Substructure 43,e91c303e-c169-4b0b-84a7-15f66884c8a5
India,afff1ab9-d03c-4820-834b-805e679ef434
Champion: Veigar,f2faef80-26b6-40ed-b6af-8ffc332e9e09
Slovak,9b773670-05f8-4c06-ac99-e6649f906171
Champion: Vayne,17fe97b7-02de-4ae9-832d-2930f2b76b1c
Macau,d98dbb9c-f3a4-4360-b1a3-2a82260641bb
Finance,738d81a3-d79a-44a8-8351-b406d96b9cd9
Surfing,8e44481a-4bc4-4155-b362-9bb499c15d3e
EU Server,dcf598ca-b5de-47d4-af33-ecabe9eaeee1
Speedrun,7cefbf30-4c3e-4aa7-99cd-70aabb662f27
Practice,04b4aaaa-c410-4c2e-9beb-da3896fc7d22
Psychosis,289b7a1b-de5f-4683-bcae-12503fbccc09
Map: Cache,fa956736-898b-42e2-8119-0251a7caafb6
Champion: Illaoi,26fdb7d2-9bc7-4ecf-b2ae-cd23250ec6b7
Norway,d5501bf8-6e6d-4242-9642-cdedcb684859
Champion: Kog'Maw,b06eaccc-2d73-4753-9d89-2d7d4d219b98
Champion: Fiddlesticks,48d20203-f815-4897-8c7f-a485c39aa999
Jewelry Making,54107c64-4d7b-4235-bd1f-4da1ef3b5d64
Map: Office,53df6265-2bf8-492f-bf4a-64576e26d081
Raid Content,ce8e38a5-bd6b-4bab-b671-d7144d85b266
Somaliland,6082a3cb-a186-4d76-8a76-61450c101fb6
Original Work,ba8a733b-9721-4980-812b-e40da19e860a
Egypt,928340a0-7a66-405f-98cf-a702bdc4e34c
Sri Lanka,5dffd6c2-27dc-4425-b80d-58f90ff8df51
Vault Hunter: Moze,e2fc3838-3c58-44db-8b1c-b5d058acf479
Map: Summoner's Rift,51529054-5baf-493e-8961-2a43e4d0c6ac
Portuguese,39ee8140-901a-4762-bfca-8260dea1310f
Guyana,b815f35b-d5b1-4efd-849d-51e15b75e0b0
Champion: Kennen,a2eec085-ecca-47ac-8692-fdd19e731bd1
Israel,1697743b-e250-49e5-b614-aec4003eb571
Wargame,dbe20395-0e44-4156-92de-4a77f6cdccf0
Vatican City,b7ab3343-56f7-47e5-913a-6b884a26104c
Champion: Zac,aeb18d86-05cf-48df-9955-35869d23d064
Permadeath,e03c93a4-74ae-4358-8b3c-8189e5a1fbec
Editing,325a32c7-7b8e-48f8-b4fa-10875f18bb6d
Brewing,0c091738-2e83-4293-be16-6a2a77200399
Chilled,81e9d348-82e5-4c4f-a140-d2b3779b912d
Champion: Annie,f1b7902d-3d1d-49a8-81a1-ba39b024a399
English,6ea6bca4-4712-4ab9-a906-e3336a9d8039
Champion: Vi,1e9b48d5-cf43-43b4-8d53-c7ea9a698ef7
Neurological Condition,8aa56459-ed08-4c50-b855-f7a3496262d9
Mobile Development,6e23d976-33ec-47e8-b22b-3727acd41862
Gymnastics,35d13143-2a0b-42e0-8881-e4c73878c5a3
El Salvador,37f6783d-b801-4cfd-84dd-741189c5dd84
Music Events,c5247b10-deec-4d7a-84a5-db6a75cb5908
Quadriplegic,2e93809c-ec83-4c3d-a9de-2b8ad10e147f
Eswatini,1f7945a8-0d8c-43bf-baa5-b736f6817d75
Champion: Kled,eed2fd35-ee4a-4738-b804-591f6f3b48a5
Godot Engine,89295d65-9346-48a3-99d7-0922cc8e9550
Kosovo,29c8115f-966e-4fc6-99df-cbfb93f19806
Aromantic,6949aede-abc2-4ecf-b884-4a8f36256c94
EGX,2e70d83a-5f54-4c87-b6ba-ce2060e08cbb
Champion: Udyr,defd6a54-3bad-4773-a874-0de11016e525
Stack Up,46a33c8e-d3c6-417b-bf77-2b43d74a9298
Liberia,e74f7be5-9c71-4228-ab08-e983043e2ad5
Champion: Rek'Sai,a61c1fac-f3f1-42ef-8391-02c383bf585c
League,e85e4ccb-41fa-45b4-9c3a-f37807af3a5a
Champion: Caitlyn,0add8d29-739d-4081-a0cd-248264b6706a
Inuit,d7704953-51b5-4e1c-a4a6-5802c7c9b57b
Terran,3982255a-4f55-4eeb-bf95-0dc4d170e4be
Sidecasting / Watchalongs,864f2b86-b5d2-446d-bf3b-e1b34d3ca057
Champion: Thresh,08f95707-9198-41d3-8de7-e75e88d4180c
Bosnia,37d1d62a-b3f1-437d-8b0e-e888320dc9f0
Saint Helena, Ascension and Tristan da Cunha,3927c845-868d-4b76-a993-161b8c5b2f23
Dutch,e13e6734-37ae-4d85-897b-3015f0168355
Expedition: Lazarus Well,c98c3090-27cd-4ecd-b92c-38466c642fc5
Skateboarding,fd6df368-7e76-4868-b9e9-b4f7cecc2f35
TwitchCon,f317a85e-495e-4aee-a0d2-0720bd00a6ce
South Asian,894d5021-4759-4924-b939-a32472642a03
Anime,6606e54c-f92d-40f6-8257-74977889ccdd
Game Show,6a0c6ea2-84eb-42b1-a8bb-59fd684bfe1a
Mozambique,55564cb1-2cc9-4566-8c8e-acd9199e1b87
Sint Eustatius,2e2c0408-34ff-4d8a-a6a8-43685b2e8c80
Asian American,5f399c46-3d61-421e-94ae-1b4ef87e47b7
Bolivia,88c4db44-ab3b-4921-b0aa-48a5d811ecf4
Agender,ed013c7c-c147-4de5-9a17-6b2a06f54bfe
Champion: Brand,9d44b933-752b-4b67-aa7a-f6a494fb255a
Resin,3110eb48-3290-4e94-b1b9-13f0b04ac8ce
Mayotte,ef9cc8aa-cd04-4d43-b612-e661be3012ed
Anxiety,d47ba636-e313-4887-ad18-237ef81a5161
Zone: Cutlass Keys,bf154a46-8ee6-4d1f-b4e6-bff1accfd1aa
Luxembourg,7b7c72c1-cd7a-4bdb-b5e6-204d96818569
Guatemala,d4803ecb-b26e-45fc-b395-abf94ff7611c
Squads,2b2a4874-8a3c-4995-b9e2-2a0bce1eb536
St. Jude,74011d60-f364-4f56-ab7f-cde2662630dd
Champion: Twitch,51615231-6dac-4670-b53c-f0ac5615760a
WR Attempts,2b19c8f9-695f-4ea1-a5fe-eba176770dbc
Champion: Nasus,9655a9a7-2448-4d0e-9070-220015046193
Champion: Soraka,c77b098c-990e-4574-a549-6e8a80b7d51c
Slovenia,cb6764c2-596a-483c-93b3-7f5af09d093e
Androgynous,ad058fd2-2277-4f08-82af-d8564e10aec7
Thailand,517085fe-2746-4e3c-a211-75d3ea5d9e9a
MotoGP,dd96fdae-1cd4-4599-a7c1-f6a3c90a1c66
Champion: LeBlanc,17b14a44-ba65-46f3-9746-596d9f4f7a1a
Track & Field,ec62af85-818f-4491-b005-102bd0958db1
East Asian,9cdc7436-a58b-49c2-9828-5060c5d271e8
Role: Bottom Lane,9fc09c8e-6a08-4e0a-a8cf-554a292b5d1d
Behind the Scenes,26befb18-4ddc-41c1-8d39-ffeada297428
Cook Islands,c8e8832b-2247-4974-a91e-229030658219
Multiplayer,ff56eeeb-99ed-4a60-93fc-0b3f05d8661e
Meal Prep,3ce58361-f147-441d-a7c9-e98e3e916a39
Map: Custom,77b7abee-9518-485c-86ee-247d63cd2921
Champion: Graves,eb05423d-24c9-42fc-b629-7a9da67343f0
Plants,b76cb377-f766-48a7-b148-88bcb3932017
Guernsey,3cd11254-ece6-48eb-bc8e-78ae35ddcafe
Autism,d5187ad5-af17-4b61-9ea9-e122f082952a
Champion: Renekton,fc512237-df97-4b0c-ba03-3f6c472470ba
Champion: Shaco,91e85abe-827e-432b-994a-063c49b9f86f
Woman,dffe48c0-951f-4bc3-a4a6-77a556988b70
Curacao,380b52d7-b9b5-400b-9909-92c99bf643e2
Depression,c1ea4496-4418-4a4f-bc30-083cfc6a616b
Pacifist Run,3453ef8c-bc39-4811-8fb5-595e7b96fc47
Vtuber,52d7e4cc-633d-46f5-818c-bb59102d9549
Champion: Nocturne,d0908c65-5e25-44eb-822a-a1c8d48dc0ec
Inking,50a54ea7-c9f5-4b59-8056-32f10b0d6983
Map: Deathmatch,b60e9856-780a-422d-9fca-fc5f1d661ad2
Rust,b23d8969-29f8-4f75-ad44-2772e3d28ec4
Programming,a59f1e4e-257b-4bd0-90c7-189c3efbf917
Sint Maarten,e6c54981-8ffa-4def-8fba-08aa5fdb3f94
Interviews,c833db83-32d0-4026-b3df-637ccf7899fa
Moldova,50fef3f7-d386-4401-bd8d-dcff8021b1d5
F#,9104b6e5-c5b2-4ef6-a370-83f126241838
Serbia,de85756f-670c-4455-8842-73e719e784c3
Chatty,afc8211a-8eee-48b8-9e18-212f22f657db
Oman,05d729e3-d14f-4c3b-b34a-7b8ce9ae5ce1
Champion: Quinn,ad498a9b-af1d-4d84-98e0-5e94e99e5a36
Disabled Veteran,ab68cb28-d9fd-47ba-b7d6-ffd82165a750
Lettering,c5be8a99-b55a-4388-a0ce-bf3468984100
Subscriber Stream Tier 2+,a5eccd44-df34-4f3b-a330-59a3b3c86fa6
NG+,c67e3f4d-200f-4f75-a836-0420616054a7
Traditional Art,5ec52c4f-a055-404c-82fe-ea98c74c7fe6
Festival,2068d8f3-269c-43f2-9a00-82aeb3f0a3b8
Champion: Azir,082f4e22-01ae-4dea-9626-a756ad024287
She/Her,83341063-b1f1-4340-a0c5-ffcad0257920
Drops Enabled,c2542d6d-cd10-4532-919b-3d19f30a768b
NA Server,353ab6ac-a0ee-404e-9bfa-217446b97718
Mindfulness,9801169b-afa4-4785-890e-53911955e4d7
Cooking,c267da2b-097a-4d7d-bb34-4b08498ac1a4
Texas Hold'em,59389904-284b-4479-9d7d-e519d8fa8fb0
Jordan,ec0ee877-6145-45fd-a012-23653c611c49
Amputee,f521e292-eac7-4c89-a16d-4f9b4bd8ebf2
Sudan,e954f44e-ddd2-4a30-aa85-93d53cd869de
New DLC,2d4c0932-083d-4d39-9475-8a545e6202c7
PlayStation,b2c14e0a-3f57-43d5-b3c0-6e7e762eb1ff
Strength Training,07a1b526-3725-4ba5-8c53-efaad4941fb9
Auditory ASMR,64d9afa6-139a-48d5-ab4e-51d0a92b22de
UK,bf9831d8-bd81-4d8c-8180-a42991c83a24
GDC,db6f4909-bd28-420e-96b2-9934dd9c1c72
Warming Up,2920fbf2-293e-4753-8ec7-b69dba5392d0
Champion: Lissandra,8451acd0-dd0c-4020-aa1d-2a795794f781
Kiribati,2d73d25e-d9c3-4880-98cf-4f1dd4c91ad9
Map: War Games,68eae067-3b5e-47f5-a0aa-382d6ca455b0
Champion: Teemo,6bd48943-908f-4420-bcef-936d7bc7dae1
Tonga,f544d524-ea24-4249-8604-c0dca0441d43
Hindi,56d53a63-f048-40a9-ab61-d363aa3b9c57
Italy,8acfc70e-00ce-4900-9898-7e92a761b2d1
Libya,b18555dc-fde5-49c6-b999-db7cc6451eff
Squad Stream,2a14b52e-d459-4c92-be11-5d86b898f6b6
TAS,0b83a789-5f6a-45f0-b6a3-a56926b6f8b5
Endurance Training,3379ff9c-3c15-4bef-bfb8-2085cd196062
Papercraft,b92810f0-0d48-4be6-90a3-766e53353ed7
American Samoa,67fb070b-0a46-4074-89bd-bcbb64b8c31f
Role: Support,dfa7dd87-18b5-47db-b7b7-bdb1ef69547c
Honduras,6e1cb318-6d8c-48af-9a79-b0840b861d55
Hidden Identity,0e2fce97-3d1b-4cd0-bd04-b9f9e2907b91
Mode: Mayhem 3,2bdc21f7-84e4-4bca-95a6-7405e6e33d09
Cash Game,eeea68da-c4b8-4268-b17a-eb0f30286843
Zanzibar,64e46d60-a204-4257-95f1-24924b577e1e
Bermuda,bd154746-afdf-4bad-becf-6d986e6c58c3
Musician,325f7a22-26f4-4ad7-be48-f464de0b89ce
Champion: Nidalee,2205312a-7b35-47b0-9e79-0504de0de5c5
VR,ca470745-c1df-4c11-9474-9ab79dfc1863
Racing,653ad792-5ec6-4bd9-aeb6-8a70b32f1ee4
Fashion,246d6e4b-b9c6-442b-9573-77028839f194
Map: Austria,369a8bb9-07b5-42c5-a12a-712c60e003b8
Finland,0ceaa52d-5166-49a2-b92f-2cdcb05f1883
Philippines,7f5b2121-83fb-4ac4-b289-1e11bc190395
Champion: Jinx,049db58f-11d3-49b2-a9da-12d795814b62
Brickbuilding,f1e3759c-35b3-4858-a50f-8f9cafc2660f
Digital Art,02ba4017-ed3b-4b82-ab20-011860784f77
Dwarfism,92c8b6f7-924b-46be-8d04-7c44cfc3d15d
Colombia,1b2dd9ce-f199-4018-9249-7d4a079d2cdb
Pacific Islander,d9703483-1c28-4076-a2a3-ad63e02e95a1
Metalwork,cee0e0bb-60b1-46a8-be53-ba46c05727b3
Guadeloupe,64f4ff42-f8a4-46cf-9887-b6f03e4581ed
Cuba,5ae524b5-1bc5-4b5d-b26a-fc77fb1cff38
Champion: Xin Zhao,c17ecdd1-8acb-477d-bd1e-1fa5207bb89e
Belgium,807277ea-cbd7-46fc-8b96-bc4d7ccb55de
Filming,812a0088-22a9-4944-bb27-af0fa37b6085
Animation,e3a6b378-232b-4ec2-9a82-86b72851e09a
Keyboard,152efe72-4911-4462-8c72-bb8a2b266ac2
Visual ASMR,77223888-8535-4614-974b-b1b2673456eb
Table Tennis,93c8adee-d831-46c1-ac12-3d320123a9b6
Electronic Music,338d7a92-8bcc-429e-a30c-9f1c41a2d79a
Indonesian,8b1246f2-2cec-4b90-9d86-01ebdf13b848
Educational,cea7bc0c-75a5-4446-8743-6db031b71550
Finnish,220eb274-ab25-425b-8a9b-826103404997
Champion: Jayce,e295411f-39e0-4280-a7a9-5cccf47468bb
Spinal Cord Injury,e6ba26c4-1145-4787-b7e8-5a87671b1dc5
Software Development,6f86127d-6051-4a38-94bb-f7b475dde109
Buddhist,7e4c126c-7f08-4109-a78e-8412c709f50e
Mode: Blackout,77e70c59-d6f9-44e7-a68e-608ebc173dbb
PB Attempts,77a928f7-39da-4dad-9d81-3e6bd7a36e04
Champion: Maokai,573ef090-80c6-4253-9fcc-10bea8ae20cc
Weather,8b3b089d-aae5-4a00-8d10-b01a28451b08
Bonaire,e78454ec-aae7-4a7a-b5af-745288ad68ee
Isle of Man,62d5b732-1b47-4233-a7c8-dd2c50a460b7
Champion: Elise,df81c65f-12a5-43a7-b402-d730b52e88ab
Champion: Vel'Koz,40a9b743-3446-4ab6-b0ec-744ad03fe22e
Spoilers,0074af4d-eb56-4e57-89b6-07c39c63c9c4
Bangladesh,a238a937-bbe5-436b-8d77-3fa035f0703d
Genderfluid,509d720a-1b07-4c03-a1b8-20ab0f3ceb7f
Solomon Islands,78609a5f-d757-4f4f-8f0b-b39bf18aab16
Christian,7535ec0d-37d4-4c7b-bb4f-40882f50f89a
Subscriber Stream,c22bdbea-f4f9-40b4-9f01-bd6f702a37f8
Latina,4b8344f2-9b47-4924-9b5b-9cee534d33a9
Native American,921668b5-b2a1-4361-bf5a-a5409cf12003
Convention,1e399a95-33f1-47c6-9511-adfb1d72a61a
Mode: Creative,e590393c-084e-42d4-ae17-e15c9158b0e8
Bulgaria,d40bdfd9-7890-49c7-9cda-3d074a087d57
England,8bc6daab-8c15-4eb9-b533-a6417a213a93
House,55afc9b3-67c9-46a0-aaad-d2fc65202f1b
Greenland,53965931-b737-4136-a572-9abda64a4f02
Monaco,babdb838-af35-438b-9e24-2746619c24a0
Golf,c1997ef1-94bb-48e1-89db-f5e56e7aad2c
Plus Size,a452d89d-1f41-484f-8426-3cb34bbaec66
Uganda,5d066b0c-e7cf-4542-a09c-f48b875cd229
Champion: Cho'Gath,a98cbaa2-8b08-4d39-b076-ee565e2ed6e0
Metal Music,938fcad2-4d77-4a06-9e49-b75b0879b645
Cricket,617e45cb-1c58-43ef-b5f3-050dbd8ae7ca
Skiing,a02d5827-5f04-43c8-b8d2-6c6ded6e6c88
Sport Talk,f38aa362-e2c9-48eb-9a82-13eeb14d1d5a
Game Jam,c48e0bf4-7a1b-4ffd-893c-12e46e664f7f
Disabled,5532e712-9d64-4830-8ff9-ce83b8dcebfa
TortillaLand,87f96a03-e562-46b1-a9c1-9f0b1e04bc74
Singing,8c1ada77-52f0-4935-a1b0-a02dc65f28b4
No Damage,a5067bb9-0567-483b-88a6-7aa79985f272
News,77017b7b-6b98-4f0d-bd39-3ba96b66ec7a
Guinea-Bissau,29d09a79-3264-475e-8ade-b59820237a2d
PvE,79977fb9-f106-4a87-a386-f1b0f99783dd
PHP,60a9f03f-4c87-4307-be57-31c85347f0b6
Champion: Kindred,bc7b34bf-c211-48cc-b443-f9a3dded9000
Genetic Disorder,fd8be835-9f2e-44fd-9283-f6060dd1eeff
Hair Styling,2dd8ed44-9043-4457-bb8d-e6c9a35e0b4d
Champion: Sion,599567d4-989e-4e49-9381-8a4a4d2af675
Painting,1d3d4f9c-be88-44f3-8e80-3b0779308c64
Mode: Outpost Rush,51010850-d81e-4476-843c-9921ac9c8c06
Chile,5c22e65e-dc0e-4611-bc4c-85b7de3dd013
Canada,315618b7-c996-443d-a993-e8d5cdb5d1bd
Co-Stream,adb55316-f1ab-4f81-9ff5-17da7719d0ee
Vector Art,f0ab2b07-14ed-4429-8ea3-3d7d400a50cd
Scale Modeling,ea24c3ca-c351-4c6c-af02-2c44ef769d97
Map: Insertion,1c3b311e-3135-4f48-9fdf-1bf67817c4b4
Zone: Weaver's Fen,8ab07a92-edcb-4bca-9572-bdcc5b9e9438
Asian,15530b1f-f40f-457c-8db2-23e0828518d9
Embroidery,f7f1750d-4410-4b95-bb11-60ec5d3765f2
Vietnamese,ba3b69fe-899c-4518-ac46-707275e3eba1
Asia-Pacific Server,708c1251-4550-486a-942f-a1dcaabb41c8
Map: Weapons Expert,14a3b746-5962-4494-8f88-0aa7f04a490e
Czech,a6cddaba-f0ce-4526-9087-6de2f603a24d
Benin,d715edd0-1d3e-498f-b23c-11fff8514059
Downtempo,f7c66388-34d7-4ac7-b171-b6a18053cae9
Champion: Senna,748e3f95-f487-4fcd-9f71-e6ae0d2ee0e8
No Out of Bounds,09bc088e-ba15-41dc-beab-17dbcb04c800
Champion: Ahri,b2380cab-dfa9-4b5d-8d83-657ad15bd742
Polish,f9d04efa-6e25-49bf-bf0a-da3e2addaf1b
Champion: Amumu,baedcf3a-9e3e-4a22-91e3-99bdd494dfb8
Saint Lucia,adb2d6b9-a91c-4922-a546-db98c0f550d1
Andorra,3960f8c8-43ab-44b2-baf0-89a086882dc2
One-Shot Adventure,47d6503f-a62c-453d-8913-bbcbabeaac7f
Nauru,d7f7d678-aef0-4d68-bb29-061f2dbc5054
Asexual,95d688a2-0cd0-4cd2-8878-73a0d2eba34d
Tagalog,91d21edf-9d63-4ac8-9508-5448c3daf3f0
Unboxing,cd9ed640-426d-4a08-b8e0-417a61197264
Twitch Rivals,6f70af0e-2ac0-4939-9ec9-31a770ea1ed3
Agnostic,3b5a2e0a-9c74-4bc9-bb6b-77fafa0a0320
Switch,08084448-fa4e-4489-b209-cb35fab99f92
Roleplay,0cb7e377-a308-44e8-91f7-07eea1d96129
Albania,c63913dd-4459-46f9-91a2-2befd5cffd35
Pansexual,18994edf-0138-4eed-8a9a-de511eeefc59
Montenegro,cdaa8cdd-d5d6-4ff1-9d7f-fe9e0c6346c2
Hindu,8b6575a1-22e7-4285-9c4e-fd51ba1c20fc
Drag,011f7c20-f533-4ad1-8093-8c6f8f75bc4c
Champion: Malphite,35a4e9b0-adfb-4afd-915f-26ecbd876980
Non-binary,8556813d-991f-4707-9728-af816831271e
Champion: Yasuo,c7fd9217-0556-451e-8e5e-5b8862e55068
Spanish,d4bb9c58-2141-4881-bcdc-3fe0505457d1
Graphic Design,0930677c-dd75-424d-9190-b779f3d1c136
Norwegian,5647bf35-f99e-49aa-8578-0e07d936188c
Mode: Adventure,36b47e6e-6cdf-46fa-a85e-bd18a64af7ad
Ceramics,42d950b3-e90f-4ef0-a22a-5e6a31d67ba5
Faroe Islands,50823c1d-502a-4f63-9ebd-c42dbd9e2db5
Champion: Bard,b778a148-4a56-42ba-a1df-41ed8fa3119f
Competitive,1eba3cfe-51cc-460a-8259-bc8bb987f904
Extension Enhanced,b157e8d6-b7ba-49f4-836f-09886c072f1f
Namibia,a09b100b-854d-4013-9503-fcc8f73a0592
Glitch Hunting,d6de2e71-689a-4c47-ad61-6ec6182f9491
Champion: Vladimir,522e0de6-c59f-43e9-b386-eb85676e64e0
BMX,e62cb1d5-a47d-4690-a373-fe4c0856f78b
Champion: Kai'Sa,caa22121-9c9a-435f-bada-d3e6603f58a8
Level: 10-19,7c4a4c06-e675-4279-9af6-85de1e061068
Masculine,09af5017-732d-41d9-b3c6-3cd706c3bc3d
Subscriber Stream Tier 3,080015ad-6e38-49b1-982a-57048244f7a8
Role: Jungle,e8344a1b-cdbb-42f3-860c-1bc0d9d86dc7
Dominica,5bc819b0-78b6-49d3-b0a4-cb2da50a35e6
E3,d27da25e-1ee2-4207-bb11-dd8d54fa29ec
Lebanon,c493d7e5-b94f-41bc-b0c2-179c75a2f285
Metis,49c8134a-7979-43e7-b3db-87db9e37c8f7
Jersey,bf290a13-700d-4e7c-b871-9473c7ef5867
Champion: Sona,12503fd3-fc05-41c8-8546-123bc11d864e
No-Hit,ef9137ad-2dd5-4ded-9f05-f30e0ed48fe8
Zone: Shattered Mountain,603b39f1-1244-4199-8dd5-383a447500e8
Language: Other,fd76c790-0505-4c4c-865a-d6bd139c0901
Tournament,b13ce7d5-d513-49ff-a957-76f193df42aa
TGS,f831e32b-c9bd-4468-ba39-a74868885b18
Champion: Hecarim,3eb3f386-5a4e-4d12-95b1-c2b2b319f0f2
Filipino,411e3710-decb-46fa-8f15-b4089a4441a5
Tokelau,a9685c59-a082-4d6a-bd8c-6cee8b60589c
Mental Health,589c4c39-a3cc-41fa-b70c-bf0b735fa21f
New Caledonia,379d63bc-3374-4281-8dc6-a61a16ae1797
Southeast Asian,5de65ee8-3079-4bdd-b3bf-a255727f8337
Champion: Pyke,31b603f1-7b27-4c67-94bf-70515218b4ef
Singleplayer,26301bb2-91a3-4272-8a9b-5bcea6db0fcd
Northern Mariana Islands,a6b6fd9d-a59c-4faf-aea2-97aceb01f988
Backseating Allowed,96b6073f-450d-4248-8ed4-988e28f3f759
Zone: Ebonscale Reach,16fe08ad-107e-458b-b5e7-b4f4d4652b77
Hip Hop Dance,e2eab38e-8ce7-4b97-baaf-5f8e2296bfdd
Ghana,edb45280-0eaf-4a7e-abb7-d1ad46065db5
Champion: Syndra,b9fe377f-d7cf-4539-9d0b-1d94b4ee20f6
Map: Overpass,4833e682-4707-4ef0-a804-929d11f4ad12
Protoss,8af6ae8f-949b-43cf-9ba6-61d4b90febf1
Ukrainian,b547f13b-4b4b-460f-97e6-3af350356a69
Pagan,0e5f4740-98d0-44dd-bbc5-6019b26b4f63
Ukraine,d361ae0c-93c7-46af-8c66-71192de15d68
Illustration,dfaa4f24-e99f-430d-aa29-8fb2b2717ece
Champion: Zilean,16da1e18-73a5-40c2-8741-ccf10ce65c04
Vanuatu,758f21c9-74df-4321-8e5c-bcdc705f6447
Gambia,431f7e61-40a0-4e57-bbda-d91cbd689bf7
Skincare,e0bec521-5ff6-49cf-bea3-f01051c1da18
Champion: Xayah,6b04ce1d-77fb-4a40-b9ee-92014b3f8a9d
Warpless,69e12d80-7199-4e0a-b6aa-f9b1dd058bc5
Casual Playthrough,cc8d5abb-39c9-4942-a1ee-e1558512119e
Champion: Leona,c667248d-9e5b-4173-93dc-421b090a8c8d
Glitched,5788eae8-312d-43b5-a0b6-465eda087617
Champion: Janna,292972f2-6beb-4e01-aa46-89dcfa4e4ef3
Brunei,08d2dba2-90b0-4820-9cc4-4b05135b4503
North African,b0ce09a2-bb9e-4bd7-8117-708bcdeb6f28
Champion: Singed,0f7aa164-cb9f-43b2-92ce-b548d7bda849
GameBlast,18f59f1f-993d-4f8a-b435-8129a84aab17
Perler,e582533d-dc1f-46bc-a94b-ac316a779635
Jewish,c3d08be0-01cd-45e2-b86a-1e09532084c1
Ballroom Dance,f6dda089-56ef-4fb5-b06e-ddeba46fb5f2
World Music,e525f885-ccc0-42dd-9b6e-0586f76fdb3c
Expedition: Shattered Obelisk,b676a44a-ca43-4d29-9374-3d3fc6cfdcc0
Match Commentary,a005b174-b20e-46b1-8679-4589fef81c8e
Martinique,9ba7cd0f-459c-4d6f-826b-b32e704676a7
LGBTQIA+,8bbdb07d-df18-4f82-a928-04a9003e9a7e
Champion: Skarner,bc1fe6d8-7140-43db-b321-889f42f93207
Belarus,0a1db25d-ff21-43ed-993d-b4ca7cb62092
Cosplay,2ffd5c3e-b927-4749-ba53-79d3b626b2da
Champion: Gnar,b27efa1f-6942-47fe-ba40-6ca736f77b9d
Champion: Nunu & Willump,baf15243-fcae-41ad-92f3-dcd6e2e04fa6
Type 2 Diabetes,32ff9405-037e-40db-8e64-f6716343f58a
Hard Mode,ba2c968b-867a-49ce-aebc-3d978a204f4a
Sweden,2574c042-42d3-4768-9067-e6b415aef9c3
Malaysia,a172bc86-3b7d-443d-935e-46625f5874bf
Achievement Hunting,27937cec-5cfc-4f56-b1d3-f6e1d67735e2
Champion: Karma,129c2d6a-e516-4997-b618-bd8c7e02dbad
Biracial,093c109e-e2c8-4ad6-9bd5-edf640cf3bf2
Venezuela,3c5496df-54b0-43a5-bcb9-2bf1849e9fdd
Movement Training,73645e21-02ae-4f39-bfb1-8dac623927ef
Radio,ffc3eb89-13e8-45cb-907f-4d9eb8f32d43
Niger,0eadfeec-b3ea-4748-96ac-2fb9b073676f
Lesbian,e3982736-aa55-4b65-b5bd-829eb81f1b02
Barbuda,67d93ea9-d540-4546-8325-172c2b6c4375
Panama,067a884f-c882-4b4e-ac43-fb63c7623810
Tourette Syndrome,6a2c6a09-54a1-4daa-951c-f96bc48d1c1f
Anguilla,aab6c3ee-1bea-454a-8ee8-34beda9f096e
Cabo Verde,30ca95eb-8819-42c5-b8ec-028cdd0b9503
Champion: Ornn,a7ba5663-ab9b-4148-93f5-ff4837863dbf
Boxing,458f2d82-70b2-4b08-89dd-adc6835c3683
Map: Dust,c01b2c46-ffd8-424d-bb37-cac288b75a3d
Hard-of-Hearing,575f391b-b649-4946-8055-3ab8637ac2a4
Mixology,b5cc71f3-4c4d-46ed-8041-2d5ecb525051
Japan,dc179e62-215f-4785-bbc5-385ef8f1285b
Action Sports,a7133612-c49e-4015-98b9-1ace40a65dda
Paraguay,c708f27a-2cdf-4653-9c88-a8108ab3d571
Suriname,dc5a2e38-3272-4295-b949-0f15a37ebee5
Saint Barthelemy,ac6e9dff-6472-41c4-8aab-119984bfbb51
Alaska Native,c53df541-7081-48d2-892c-2ff6c3817dc3
Role: Mid Lane,1c1381f5-ef49-416f-a6f3-fe493221f7b3
Balance Training,8315b8d6-9837-4218-9bc1-3c0a3e5bb41d
No Spoilers,eaba0ad7-c4e1-4878-b37f-01308dbb65c8
Type 1 Diabetes,4899ead4-3333-49ae-b93b-f459589a148f
Champion: Zed,ade9bf21-ff49-4dac-82ed-87745ae96038
Character Creation,5e798958-88a4-474a-bd7f-07178a0def0c
Sit & Go,ea731a85-fd78-4cce-ab94-c71b2d0f9fc7
Mode: Zombies,60f44eae-0460-4cd4-b7cf-90567a031382
Zone: Restless Shores,1f5b86da-a559-4547-9747-80c12a5a7131
Persia,4a132284-d774-42a7-8f6c-28bb0b0d4aee
Linux,15f4833a-1691-4cc1-a4a5-020d130ac94d
Dissociative Disorder,e57c1bca-b46d-409b-a09f-2919dace5b72
Assistive Technology,2c3b4430-41f2-4004-8e03-7a2cec3937ec
French Polynesia,68639917-40ec-4217-9db1-bbfbb55398cf
gamescom,f61b8fe6-d22b-4f0b-ac99-cd852bc1b0b9
Champion: Kayn,e02f1b3e-ac5e-4de6-870d-cea83b73f4d2
North Macedonia,57c2d3ce-24f1-40ba-9283-43fdd5dd54a4
Map: Mirage,f60605b1-1d03-446a-b3a4-74ebe9ae1051
Hip Hop,5f0c32b8-2bdf-47e2-ae63-9abc2fe61776
Hispanic,40226bd9-e2f2-4f86-bde5-bb856d52a4f1
Champion: Olaf,87e28ff1-447e-4305-bad9-6b58c3673a13
Bulgarian,21d85c73-701f-4259-8c4e-4321265847b5
Swedish,145b073b-cb70-4e91-b170-f5fab2ebba05
Folk,22c54bdc-2637-4612-9a9f-883b33b9f69d
Country Music,ebb68e1c-7291-4350-a8f4-44b484f1da2f
C#,c8f444c9-774a-4bbc-9669-f5eabb915c42
Flow Arts,276a3395-619d-4944-94f1-7118587f4d5f
Classical,60b8f13e-7022-481a-afff-07de3db129cc
Bisexual,ede26632-aa15-4a55-af9b-d2775b00c4c3
K-Pop,b6b64b15-447c-4178-9609-d3d511123521
Mauritius,5c087762-73df-4bcb-898f-5a350f1501d5
Champion: Taric,b5564cc9-b3f8-4969-9931-c15ccc592d25
Latinx,fa18b56b-793e-434f-883b-16e7f46933f7
Scotland,f5e42c79-41cd-44df-a8dd-6c7897694841
Syria,b2f2e010-30ed-4b95-837f-63c4f40a16ea
Costa Rica,735253a8-74c2-45cf-a973-d1b58c2e25ce
Expedition: The Depths,d8cfd921-bde6-4ad3-bd73-0bf2c9eeb1fa
Champion: Sivir,04cb91b4-caf4-49a3-a373-67cebf412e89
Blues,26bb14e0-0b3e-4f7c-9701-16367b6d55e3
Champion: Darius,6634915b-b538-4824-855c-91e559b10567
Leveling,6433db3e-37a7-4590-915a-7c0949a4ac69
Mode: Mayhem 1,79c1e315-d8c5-48b4-af51-04209ca12ee3
Sub-Saharan,8c199551-1c75-472d-acc3-d98d9f2d4d41
AMA,67259b26-ff83-444e-9d3c-faab390df16f
Robotics,56257f86-a66c-4ce8-af6d-89e9b1f13fed
Faction: Syndicate,18bee348-35ed-481a-b400-7ad3a0e24093
Pop,744f1c0b-458e-4a12-a759-bfa2edb7c81a
Champion: Pantheon,de86f625-01f0-4036-bd1f-67710073d204
Mixed Race,1a4077b4-3fcd-41fd-a832-0c62631390c9
Makeup,52233ce2-9b31-4f67-8b39-12aea5df66bf
Indigenous,2b60faa8-1589-4a39-882f-6e859ef9cd50
Funk,4042b087-9c79-4358-8c99-b3c25e7deaa7
Game Awards,068c541b-dc07-4d7f-a689-5578f90905a9
Volleyball,68d2ae00-e25f-4af6-be40-03245f0550e0
Chicana,3148bf0d-01d1-4fad-8429-db6176f3ab53
Ally,6131f3f8-67aa-4c2d-b9c3-daa8f95a850e
Champion: Neeko,9238308a-a439-4d15-b58d-c3b13d204c9a
Ecuador,994329e7-68cd-49c2-82fe-e62f2d59b4b1
All Bosses,860f0dc1-5d6b-4504-a3e2-eca15a1cb816
Extra Life,3ef3258b-5623-41da-8f5f-169c716a84da
Viewer Levels,fec05015-e841-4cff-a53c-8aa1336cf863
Cooperative,63e83904-a70b-4709-b963-a37a105d9932
Map: Cosmic Ruins,14a33efa-d91b-4732-af42-b35a52ab2c44
Bhutan,b5ba6f48-9d5b-41d8-9401-51a245246773
Punk Music,8d131cac-82f2-4bc8-8a78-9c7aa045f4e2
Tobago,1fd07808-d46b-4e00-b23f-b9ba7a36c8c9
Map: Agency,08254cd9-4ca6-4395-91c5-f3f2ec84ef27
Campaign Planning,1648d895-0548-4355-bdce-09c6fe3c4d21
Djibouti,80c09e26-054f-457e-ada6-abd78f37d628
Champion: Gangplank,f3ae08ec-4bfe-48a0-b219-4e2414a19a84
ADHD,2193eee1-b8f0-43bd-a6d9-dba8a67528a1
Champion: Nautilus,ed91f62b-f771-49b3-8583-7f30746eb0fc
Borderline Personality,f541e89d-6676-467e-9b15-5d204692ef40
Gardening,69b5f1ed-6224-49c2-8c87-708fe3850f0a
Badminton,dc7677bf-0ac5-45df-a4c3-5d395015f290
Saint Pierre and Miquelon,4b1fb40a-c47c-4aa7-944d-2d12604afb07
Gabon,8760ce9b-0779-413b-8197-cf733e44f496
Reading Aloud,bd6fc011-575a-43f0-8418-9f912a295362
Saudi Arabia,7c947950-3317-41b3-92e5-9f244acab5be
PAX,07e2c57f-86d3-43c9-b008-b04bfc9acc9d
Champion: Evelynn,cf75e96d-b046-4df9-966d-048dd8028ec7
Level: 50-59,b454d005-397d-421f-b048-efa7b4f3a18e
KR Server,a1732569-de54-4b75-8a17-07744179f6d9
Polyamorous,06de7806-9ebd-4ad4-b7b7-89538c78d78b
Belize,fc36ba73-e249-4f0a-9ed5-c46d24ceda0e
Engineering,dff0aca6-52fe-4cc4-a93a-194852b522f0
High Score Attempts,2bc53bf2-3abb-42ec-949f-ca50f60d1022
No Limit,b638f288-a35b-4b46-921e-54f59612a844
French,6f655045-9989-4ef7-8f85-1edcec42d648
Transgender,c834d89e-1811-47ed-b429-395b6fbc7412
Neurodivergent,15e4971b-c6f5-43f5-8d08-605247607067
Switzerland,591a48c3-8319-4286-8385-4e423f408d9a
Zone: Edengrove,730f48de-5ca3-48ae-b944-0ab5001555ee
Senegal,4da0719f-db09-4525-bf3b-bdd1c8a75cfe
Saint Kitts and Nevis,09d8aa9f-cb57-42a4-85b1-6b194412dabf
Palau,3ab92892-f325-4a9f-b386-de6d5bd40cbf
Area Control,a7bd15ad-7d2b-4a4c-a7e9-e75a70b51e65
Zone: Brightwood,87617bc0-edbf-4920-8625-2915b6d03b35
Rockets,89d8bfd0-0b87-468e-b24b-086b2d3cd3c8
Intersex,88b55c77-d2bd-42c0-a3ea-d44bfd967938
Hype Train,c2839af5-f1d2-46c4-8edc-1d0bfbd85070
Gender Variant,06959ec7-a49f-4eb7-9cd7-bf437f9c211b
Miniature Figures,54854b39-5f23-4ff2-b6a6-de0d2ff65107
Champion: Kayle,a0dcbc09-4ea0-46d3-93da-284556be214d
Body Positive,150f13a5-b1ce-4e85-a61f-7cfed2e2e08c
Champion: Xerath,3ff6217e-91f9-456e-a0a7-221c61ef35ee
Champion: Anivia,8c45213d-a507-4b70-bfb6-f9d70125b243
Furry,9e1c4d59-fb88-4b42-99ce-b2776358c547
Champion: Mordekaiser,4935a247-3809-4ef2-b1f2-a004adcfd368
Champion: Lulu,9efc51a9-2264-4acb-a008-4604d41c6e14
Taoist,35a7d18e-e6b7-4b22-a09f-18d0ba4152cb
American Football,1942f267-26a3-4ee8-9aa0-48cc4aea988e
Champion: Ekko,fc93b8ff-e178-40de-87db-6ee52a4d8bcc
Genderqueer,eeca56e6-1dd4-4122-b5b6-d511886f700c
Dice,5cf2121f-fff0-4375-84a7-4119d54a8b95
Blindfolded,2e048a36-0e6a-4322-a16b-45dd0268c9bf
East Timor,e6b160b7-8804-4d59-b9e2-7b8b74ff062e
Champion: Kalista,150a6d2f-5cde-4c62-bd2a-f6be779be848
Roll and Move,76e1d57a-8bce-4f05-95df-02fd1e536fef
Zone: Windsward,e7775581-541c-42ae-b5ef-972b920712a3
Indie Music,e46ae70e-40a4-4b00-a1f3-a2f79721d1f6
Christmas Island,d0f3e550-e782-49d4-bd60-42d423848519
Map: Crash Site,0450249d-4658-4efa-a1b4-ff21d24a67f7
Champion: Rengar,cc1c6b3e-1124-425b-9edf-cda72386b737
Arabic,73cc486a-e56b-41ed-a1df-7afedbc84f6f
Champion: Varus,bd3ba942-ba38-44dd-b9a3-c1aa0348c7e6
Zone: Mourningdale,ba4d5c07-c542-49db-a696-4b45e413f090
Montserrat,d034a2e6-4ebf-4b8c-844a-9bbcca56d9d3
Niue,71a5ce14-6368-4408-a4eb-8668e996c37a
Latino,38fe29d8-b8b9-446f-b2cb-47ef84098510
A11y,358f9adf-967c-4052-bf14-287c75997a25
Champion: Orianna,bf713141-c968-47aa-9ae9-10c418b67c8f
Dominican Republic,06ee2762-e450-4b10-8d74-c490bef92d17
Writing,81975ba3-5c53-41f8-b614-ce5b3193955a
Mauritania,43f6355f-6d90-4d6c-aa19-dbd5fad94c17
Lesotho,70b1f1cc-3559-4df0-8b60-4e8f754c2164
Mixed Reality,ffc2deb9-cdac-4d5a-8554-381f165805ca
Gibraltar,0a184509-f153-4bc1-8b66-37f11f6ea3e5
Drawing,f2d10665-9980-452a-b091-f0ca30777d4b
Unmodded,532af76e-eabd-451e-9709-cd1cc7653edb
Champion: Nami,8aa57b31-cdc5-429e-b607-fafa73683879
Unity,cb8be71b-4d29-408e-b7bf-551ca26ea5b9
Hong Kong,3b6e7ffd-f07e-4578-9bd2-61bc939a83ba
Exploration,a4fac2cc-7cd4-44a6-b620-178182389a5b
Beginner Players,ad18ee82-c0b2-46d4-b4f9-d45994443bd7
African Diaspora,2569ccae-8c65-4946-8301-2595454a9a11
Role: Top Lane,7be27755-4983-491c-9247-04c035f06f40
Wallis and Futuna,33ea95b6-b92d-4fc1-9dc8-b35165efc584
Let's Play,8ba227ca-073c-46a7-b3cc-193e52c5ab4d
Analysis,ef4f33d5-a6cb-4935-bc1d-97c818a1e39e
Champion: Poppy,ada7253c-84ff-4798-9c56-8711f27f2695
USA,79713d37-6d2e-4953-b55b-8f47bb9caf72
Champion: Riven,f9de47bc-08da-4ad2-ba1f-d327809e4eb8
Motorsports,6cb33655-173e-464e-baf8-780db60500d5
Cross-Stitch,572bbbbc-ab94-4cbd-8c1f-649d856267b5
Neutral Characters,d654ad53-a88a-4194-b3eb-ebb8654d17cf
Pyrography,987b6325-fb45-40a4-a710-32b86221a06c
Farming,3ffbec21-97a2-43f9-bd73-4506a1b4d62c
Formula 1,eb33ecc9-abb3-4775-95ce-08500b7d2dfa
Norfolk Island,8447320e-5b89-47dc-9375-6dce7c10c035
MMA,1a88aebe-e136-45f7-946c-f118f7e2dc51
Singapore,723836c5-8e00-43de-97c5-0fc64308d159
Champion: Twisted Fate,82ca6a61-65c0-4332-acd2-4f667748b6be
Activity: Circle of Slaughter,11374ec6-05a6-4611-b8db-9ef0286d4edf
Persistent Campaign,d35073b8-0e52-4375-9f75-3dde0c567911
Man,34cd9d78-4b9f-4c3e-a747-bd6f2e15391b
African American,481ba9ce-8101-4a42-b026-b6aa200fdd8c
Champion: Master Yi,30d91a3e-a422-404f-b4d2-ddb350aeb7a7
Postpartum,3a814cf4-fda7-4298-976a-17a3dca596c0
Champion: Zyra,65737da8-87b5-468a-9a85-d2740d7188b4
Maori,06493fb2-1e6e-4148-9c63-d47e651c7688
Wrestling,7199189a-0569-4854-908e-08e6c3667379
Portugal,fe9d503e-a8a7-4301-8015-5034e42ad380
Party Game,13c95a9e-a17d-4225-b199-d08cb8e66f40
Tanzania,bd044b65-cf7a-4611-b2b6-c5de63b13d36
Saint Martin,aaef5772-4c71-4cba-81ad-e0a590fa484f
Hungarian,a298cca5-d408-47c7-a1e7-0c76ca878bc6
Unreal Engine,bfedff64-c53a-4e6f-bda4-9eeb36dc8853
Jamaica,92866dbd-a4a0-4fa7-bcf7-999101b763c9
Danish,43e598cc-918b-4247-b02c-b13543a1eac9
Mexico,0bd3206d-008c-4f86-8261-896f1aedfd4d
Togo,a4be2a61-ecc3-4164-82e1-460b61dbaeb6
Live Vlogging,7a3d677a-1e09-4391-b520-1fccc0e7d6ca
Liechtenstein,7cfb2c73-4eb4-4988-bb72-73de88c81d9e
United Arab Emirates,134f2627-8343-4a4e-afdf-09daa50279a6
Map: Assault,3a528853-10d5-4ff9-a25c-b51390b94e89
Champion: Aatrox,1b8acdd1-0d40-475a-b091-1bdb6f5112d4
Activity: Proving Grounds,ea4b8406-eeec-4e25-abae-e96243695d9b
Quebec,7acaeacc-42dc-41d4-b461-87468f1ad551
Randomizer,2fd30cb8-f2e5-415d-9d42-1316cfa61367
Map: Italy,08746541-88b5-4c6c-a4ee-dce5a776a225
Billiards,7706b4a4-a582-4e85-9ad6-c4508687c278
Mode: Mayhem,4381920b-dd0c-4696-aad3-41f49202ff57
Fan Art,86bd38a4-8ef9-4e4a-892f-f4d0aa336d67
Expedition: Amrine Excavation,525b49ba-6063-422b-b07f-bb6d0bdf7185
Champion: Jarvan IV,44941661-1181-4c07-a57a-857064b9cba3
Panromantic,425527e7-ae33-4014-b70e-42ffd841afb0
Vault Hunter: Zane,060fbf32-f5b9-4262-8071-3fba1307fa36
Malay,34a56dbd-6add-49e6-83b6-cffacbf18bcd
Birthday,6c27ea04-fceb-4a13-8e5e-2c500432c7ff
12 Hour Challenge,a31daeb5-edc2-4b29-afa1-84c96612836d
Ethiopia,8fafcc87-36f9-4a43-8424-8a62b07d5240
Zone: Great Cleave,633ea26d-6c0d-48db-8278-9fe836ea5889
Theater,44edf4da-f267-40e3-b6c8-0a21bcee4ba7
Champion: Zoe,2d0e4fd7-8d79-4703-a691-ca321e35a043
OCD,6fd5b307-df1b-414c-baa3-634cc6ca6940
Tetraplegic,c2731536-db4e-49ab-bf3c-dd07c8093d53
Rwanda,0c5f40a7-fbb5-48bf-9270-bd9d26561793
Composing,049c2888-172c-4b36-a964-cdfad1051604
Fantasy Sports,cb00cfe5-ae4e-4e4f-a8f1-8fa6ddec6361
Schizophrenia,81835e5a-d4ec-4ca4-aacd-b750ab537034
Trance,0907a671-9f6f-4088-916a-52eda79d07d5
Latvia,82708929-1522-4d74-959f-d048fd522719
Map: Valoran City Park,8b3cab40-815b-4be0-a8b9-9d6ddd2a21fb
Brazil,988c8c1b-b991-4b66-9a6d-b36f60363f6d
Cozy,adc4a830-07f5-457b-95e5-5ab6cc1f9af3
Mode: Campaign,7ecdb5ae-e036-402e-8663-edc77167d6df
Haiti,4ebe4f3f-8ba8-4048-b386-f2f33d226adc
Zone: First Light,9a777a9e-d3aa-4023-89c1-75384bb4a666
Champion: Fiora,901b63f1-ded1-41a7-b411-3f25c11e644e
Croatia,20be55bd-a3b3-40c4-b3d2-0f656eeb987a
Meditation,59b9c259-62c3-4a1a-89d4-4a6f1070deb9
Champion: Akali,fdf87a03-8b48-4176-9d40-de28ac9985d2
Champion: Yorick,94e78ff7-c274-4f46-8545-e8ebf37c73dd
Champion: Irelia,381aecd9-9f2a-4e87-b9c7-8214e4c6d93b
Sound Bath,79f7ba03-88bb-4688-bc49-3a6a71895b3b
Samoa,8d4cbf40-f924-4596-a1cd-803e98153548
Champion: Kassadin,02d78d2d-a40e-4d9e-a3f0-5d8d5f315310
Champion: Lucian,1617f5cc-fd54-4376-b6e9-75210e1ca0c0
Ludum Dare,c8d6d6ee-3b02-4ae7-81e9-4c0f434941cc
Middle Eastern,c3ee1454-7621-4319-8f83-bd993753b280
Map: Nexus Blitz,32a099a8-0f2f-4e32-99b0-6c72c9d0a1a1
Trinidad,e0bfa1cf-eae4-490b-9a65-1b749651d13b
No Major Glitches,d33671c6-d05b-44a6-a548-5d5930365882
Basketball,c9ee687c-e233-4e60-9a32-70eda37581c7
Mode: Invasion,65596562-fb7f-4694-8ce2-c438c0661d27
Puerto Rico,224aafb1-8915-4912-b49b-8163d54b60d1
Pop Culture,0cfc77a1-9f3f-4858-8847-4b00c7a9aa8b
Esports,36a89a80-4fcd-4b74-b3d2-2c6fd9b30c95
Low%,a716383e-a9ff-4531-be5f-e25cdd7585d8
Algeria,4f40c142-b4ea-4f99-9028-3989d1933b67
Sewing,0b122d41-1e9b-4086-9a42-1e7db94f1bd1
Nail Art,e56c8206-64ca-4e25-ae38-f3732f49599d
Crafting,541dad34-35c6-4431-a1f5-9d7e8a5b5b3a
Turks and Caicos Islands,061c8614-28ca-4873-9d58-4ffb1af69c4f
Chronic Illness,7f653d60-941d-46ca-8592-773d991431c8
ADD,326bf42d-75ab-4701-9862-faf0c6e24fc8
Nicaragua,42667cfb-4f0c-49de-9d34-598f4b1c102c
Draft,90cde8f1-1372-4c65-baac-0eb888c098bc
Champion: Rakan,c2cb3a29-d40f-4f01-8e47-02f8de4ab0af
Somalia,ad748753-22be-4934-8239-a35d00360183
Epic Level Characters,df262ff6-74d1-415b-942c-d584d44426c4
Woodwork,c0bfabb1-0a43-41a8-8f6c-c7c434ca18f9
Tattooing,55d222b4-0620-4791-97c5-e15b021bda63
Spain,7b30388b-7381-4c4f-93b7-14050e03c1d6
KeyCaps,6e5ed4f2-ea10-4245-82c5-55e4c128eccf
Champion: Qiyana,eac291af-8b50-48f8-9563-596adda48ee7
Football / Soccer,4ada413e-c7c4-4fc0-b3d6-ce4b98e0d5e3
Maldives,35507b32-f64c-440f-a9dd-08cf70a01bff
d/Deaf,9dd0468a-2aa6-43fc-a74e-8cae960dc5e0
Worker Placement,06291cf5-d4e1-4c16-afbd-bd4282416ebc
Ranked,e1a43486-eee5-4f36-9ee6-76e72af00180
Autistic,205f8d84-fd7e-4fef-b3a5-86022cb3f2e6
Parent,1277e554-f8c9-4795-a475-27418d7bd111
Champion: Rammus,f1c5bed2-589b-41b2-9b9f-87b442712cf7
Challenge Run,81df4005-f654-40b2-9fc0-9fd767bc8e3e
Fiji,7985534f-3779-454e-b8b4-b2e97b265e6c
Animals,3dc8f084-d886-4264-b20f-8bd5f90562b5
Azerbaijan,204f1266-8000-4619-92a3-dd988ff3ea94
Champion: Ivern,b7d95cf3-c8e1-4a56-b0e4-4090a32d8f93
Photo Mode,e22ac23e-c640-498b-b6a0-6e2009735497
Grenada,f0361f41-3424-492d-ba09-065feb9d6a90
Aland Islands,5cf35917-aed0-4012-be47-ed178fa4269b
Horse Racing,e015369e-faab-4e36-a47f-e67ca4370715
Mode: Spectator,a4c5e6a9-5164-4775-959e-06167dbfa2d0
Omaha Hold'em,59468cdb-d497-4d39-b423-4882f184b357
Mode: Survival,292d76d1-b0a2-4175-a313-fdb2c970cd69
Dubstep,4d580385-6b91-4cee-aedf-0d79ea956694
Champion: Ashe,9825093a-1775-48f6-96ba-9a62def57758
Uruguay,cb67cccb-d806-4fe1-993c-41b2bcbb80d4
PC Building,b3d8d789-dd4d-4566-8a9b-62a182ada7d5
Multiracial,75057f79-cad6-4934-b129-67b1ea64e835
Champion: Rumble,60b3e94e-0157-41be-8fed-eccec945b985
Dreamhack,c8b3c2eb-8e4b-478e-b4e7-4f01cc4dc34a
Retro,e027fb8b-219e-4959-8240-a4a082be0316
Gay,4c15e802-ee32-4145-8375-28ca39cd6560
Champion: Warwick,e3837aaa-863d-4901-8293-25caba48311c
Champion: Tristana,dfbbf058-7ee6-483b-bdc4-a2adfaca30bc
Routing,7ddba84a-594d-4a3f-9136-1484ce243d43
Winter Sports,9f3c36df-5b3c-4043-abbc-43c1dcd31047
Xbox,7bd3b060-94fb-4771-8e6c-123d782eac01
Anglo-Indian,023a3deb-d795-467d-9ddb-33ce5985697e
He/Him,3c9ad976-d429-4316-9d51-63e670335189
French Guiana,7d829b62-17cb-4a0c-9bf7-361b17b2c74e
Estonia,5095b6db-2b4e-487a-8658-6fe92c496e60
Chad,5d7b7078-ea24-4547-b50a-c02f3d490dd7
Anniversary,b2c03e34-e7c2-4fcd-939a-6853838edce5
Champion: Braum,403f86c7-3b95-4054-8de4-d163180d2640
Fortune Telling,5464696d-e140-4625-94fd-1d0001e4b1ee
Romanian,75a99c80-0f15-4159-b1fd-3812c25b4aca
Gen Con,1a60fb07-26d0-450d-b777-f5414baabc28
Closed Captions,8a01ea18-df97-4046-9cff-a9a822bb96e5
Sahrawi Arab Democratic Republic,976bba75-9299-4f01-a4e5-b0b4367aa640
Pakistan,05cc3d8e-3eb0-48f4-bdea-191443eed65b
Champion: Jax,a2b52993-d6ad-4a35-9ffe-e2ebfea77c33
Vault Hunter: Amara,f9029b6f-a894-482d-a77a-84598859b2a3
Poland,340f150f-3371-4055-9350-5c559ea913ca
Mongolia,afc3a4fb-de93-4d81-80f1-5d6de4d41692
Raquetball,385590ed-7334-40b0-a24e-4ae83489bffc
Caribbean,e4c596f5-49b8-41dd-a05b-940205d12020
New Zealand,40323303-665a-4182-9554-f48006ce93d9
Papua New Guinea,8140880f-c16e-4a7d-b830-3fc69d8a8f62
Kuwait,d3c1a49b-86ac-43d2-b918-75178668bff4
Champion: Shyvana,2ae0a562-49a5-4c22-a9aa-46e53876047e
First Nations,aaa3d2af-c68c-4404-b9b7-7f09288f39f4
Poker Mixed Games,423f9bc1-5b64-4355-8dfe-4d7466455ba2
Level: 60,6730835d-e78f-4efd-9ae7-28d74a1dd199
Map: Inferno,3e10beee-52d8-4e68-89b7-dc4f20a47f86
Yemen,d2817a56-0a50-4457-aa3f-f4d75c728765
Champion: Trundle,7ac4b637-ae62-4b5c-b190-c23854472441
Champion: Camille,48e53ed8-3a3e-4bac-874c-3ee311db33b2
Champion: Volibear,cd63c8d3-effe-47c9-aeaf-cb624639617f
Champion: Corki,6280ea20-5034-439b-82e3-8f225b020c54
Python,d9861c1f-7414-4216-98a7-0dc4716aa04e
San Marino,bcbbcf57-e848-423e-9217-d18890cdc855
Iran,4c71840b-49cc-4f26-bcbc-13b3550a6b2a
Champion: Cassiopeia,648b1f54-4f78-455c-99ba-50fb699313e8
Level: 40-49,05a09e53-87c5-4aca-aa9c-f584b68d18c7
Music Talk,85d2fb8f-7257-4e08-8065-6161fa3029fa
Vietnam,6a77901a-cda5-4606-b5dd-c7eaef707ccf
Vault Hunter: FL4K,d902fd55-1c9d-40ff-bbda-2efe8608f487
Techno,c553e849-7019-479b-a14d-a78cd3462e9a
Champion: Lee Sin,243cc95d-d5a5-4074-8aa1-279cf613ed02
Falkland Islands,dccf13f0-f8f1-4cea-8570-808ee42b0c6a
Eurasian,37399e6c-54f9-4b2e-97a7-3dc03e289982
South Ossetia,7ec1c068-0cb9-469d-bae7-0a3f18d1bbe1
Athletics,72340836-353f-49bf-b9be-1aac4f658afe
Social Eating,d4461e94-570b-4973-b6a1-3afe026c12ca
3D Printing,6803fe7e-4e3d-4369-a8ae-1dc2afb758f9
Dragon Con,d2e34e61-fbeb-4c70-9c98-474fce8df9e2
Map: Train,2d9d660d-c3c0-4231-aed1-81470ee0c27f
Glitchless,d557fc7d-23da-48aa-87a4-35877fd57646
Vegan,bfe9ba6a-7f49-4911-8a5e-c47ae4a5f094
Faction: Marauder,19847dc6-84cc-42c5-a476-cb32fb2d2a9c
Rap,19320835-e4e5-4561-9105-3517abd87879
Improv,d6bf03b8-42f4-4981-b070-841c7457a9aa
Taiwan,ca25aef4-1626-40ae-ae7e-7cccb13c1988
Pot Limit,c6a92e4a-827d-42c3-ac29-1f85c1209c60
Georgia,17ff8561-e660-4a4c-8755-a0eaeda4f1b8
South Georgia and the South Sandwich Islands,b36fc8e3-8df4-4691-aa26-c577411fbb22
3D Modeling,b97ee881-e15a-455d-9876-657fcba7cfd8
Champion: Katarina,9760cf1e-19cb-429e-81b8-a912a1c0fe15
Central African Republic,e2195c02-4efb-4118-85fa-da4ac66868df
Champion: Aurelion Sol,92d1e7dd-3eda-4e2e-95ea-63d6bd606db7
Sao Tome and Principe,3954f5a8-8567-4aaa-99dd-b4726c80d78c
Champion: Tahm Kench,66b4ad89-0d1d-46ce-9ea1-0557ff9c00a8
Zerg,c7ce1f7c-b5d2-423c-bb33-e73c353d5e06
German,9166ad14-41f1-4b04-a3b8-c8eb838c6be6
Slovakia,bdd3d9ca-7284-4099-86af-2c36732f9b23
Travel,a6ff589a-33e5-4caf-8286-29dea98fc2e2
Champion: Ezreal,51348b14-547d-45b1-b496-042f988454c3
Level: 1-9,062e820f-ba9d-4908-9024-bdf23d2dc1d6
JavaScript,b741fd1d-e96d-49b8-9f2d-03a631c33e04
Arcane Premiere,b34abf4d-e4b4-44ba-bc91-3dfe5d04613a
Champion: Fizz,e5fb8bd0-9bf3-4c89-8916-bc8b74505aac
Cambodia,30a72530-e94f-4961-801d-8c506355df26
Atheist,cafbdbb7-b640-4bba-b52b-c07472f6e0f5
Taino,23d9e882-c2b0-425a-b1ec-ad3ce9f4a86f
Level: 20-29,6bf27016-aaea-4233-b714-dbfcc93d7985
Champion: Jhin,6cc1cc0d-7b98-4f6b-b190-f1b0fc6380ad
Champion: Urgot,37a96413-f93f-4834-a9e4-537ca6da7ef2
Multi-Table Tournament,692af1d4-da0f-4b9b-889b-2579adc53765
Champion: Dr Mundo,e36e9f05-8cb6-4a5f-a09c-2ca253605a09
They/Them,f6efe8d3-5d80-4cc4-bb5b-fc8428b451d0
Level Design,85a78d1f-77e7-468e-a3e5-76ed7c99864b
Faction: Covenant,c28071dd-3b1c-42fe-a9a6-18fba488a29c
Champion: Galio,8e38cd57-fa9e-4d96-912b-97443f9cc743
Nepal,e69681b6-524f-4380-8306-8eda03b0bd51
Baking,31866a92-269d-4df3-a2fb-58081bf97378
Spirituality,63f8ee17-1678-41ee-906a-8c55c3ce81df
Bipolar Disorder,c51a3b9a-f7d6-464e-a6a0-3e2fac85a543
Hyped,2451599e-bbde-4184-a188-ff360af77b26
Color Blind,d46efe46-ba1c-475b-ae30-a295c45b3878
Australia,048c2c71-5ba9-4d71-b82e-8e0ed72a4785
Demisexual,6ac1c057-a758-4527-a0e8-e11dfdafffe9
Equatorial Guinea,dfb89ec1-635f-42e5-8551-6c74c86f04d9
Sculpture,e844c795-5128-4ca0-a950-f64dabf5a324
Denmark,fbba8531-a4ab-4b48-bb1c-5c2e643e8daa
Map: Dust II,5a62e451-be48-48cd-9a28-a1f30b28c419
Champion: Swain,5282a89f-b3c3-4a61-b2eb-764ea11d3954
Botswana,2db3682a-f98c-45ec-9074-a8ec199eb280
Latin Music,e6be5e22-30e0-4b34-89f1-092564cc8462
Sierra Leone,4517ba26-5eab-4834-81ad-ab407ee2c45b
G-Star,505e4b58-ad49-4c04-86a7-f7391cbf0b0a
Japanese,6ba1d230-e52f-4d81-b1e0-41f25a8a9f5d
Champion: Morgana,110f037d-c473-4e92-b23a-36e120e24f2d
Chicano,4c96902c-6351-4d41-9046-6f625fd14319
PTSD,08ce797c-fad2-44d0-8c90-05a99ed95339
Dance Music,9f1b01a8-87b9-4e25-94de-8705c1c1f4dc
Photography,e3c42c93-376e-4e8e-aa5d-c4e06a765416
Zone: Reekwater,8263a0b7-4012-4f64-82b2-9c5817ee0331
Tutorial,dc709206-c072-4340-a706-694578574c7e
Italian,5b9935eb-1e9a-4217-98ad-62bda5cff0d1
Desktop Development,a106f013-6e26-4f27-9a4b-01e9d76084e2
Mode: Save the World,04c37d08-bdcb-42ed-a0c8-13191d2bce82
Afghanistan,e338363b-f3b4-4a27-9ead-d4286db06ba4
South Africa,e458ab43-5fbc-4659-b7e0-1843b50744c8
Mode: Mayhem 4,ea31603d-9359-4988-bb65-4b7ba3c11564
Arab,10efb474-6975-4538-a1a7-e40ed8093dac
Champion: Karthus,a356b1c2-21b6-4ceb-9a99-20d6035a643e
Evil Characters,0cef8341-8c67-481f-95a8-325932a6699c
